
Natsuki,Saunders,NatsukiSaunders2024@happyschool.org
Edwin,Saidi,EdwinSaidi2024@happyschool.org
Lola,Barnes,LolaBarnes2024@happyschool.org
Aristos,Papacristos,AristosPapacristos2024@happyschool.org
Annabeth, Chase-Jackson, AnnabethChase_Jackson2024@happyschool.org
Michelle, Fannings, MichelleFannings@happyschool.org
