
Anna, Hathaway, AnnaHathaway2024@happyschool.org
Sabrina, Leeson, SabrinaLeeson2024@happyschool.org
anthony, Hedge, anthonyHedge2024@happyschool.org
Jessica, Simmons, JessicaSimmons2024@happyschool.org
Philip, Decesare, PhilipDecesare2024@happyschool.org
Olaf, Windons, OlafWindons2024@happyschool.org
Elva, Winston, ElvaWinston2024@happyschool.org
Reena, Johnson, ReenaJohnson2024@happyschool.org
Alice, McKlaren, AliceMcKlaren2024@happyschool.org