Malcolm, Gibbs, malcolmgibbs@happyplace.org
Ethan, Harper, ethanharper@happyplace.org
Agatha, Pearson, AgathaPearson@happyschool.org
Edward, Lincoln, EdwardLincoln@happyschool.org
Diego, Anderson, DiegoAnderson@happyschool.org
Destiny, Kachinga, DestinyKachinga@happyschool.org
Takondwa, Vilili, TakondwaVilili@happyschool.org