Gabriel, Suarez, GabrielSuarez@happyschool.org
Ebony, Williams, EbonyWilliams@happyschool.org
Desmond, Chisale, DesmondChisale@happyschool.org
Henry, Waterson, HenryWaterson@happyschool.org
Chihiro, Nozaki, ChihiroNozaki@happyschool.org
Abigail, Kamphonje, AbigailKamphonje@happyschool.org
Winston, Hiffels, WinstonHiffels@happyschool.org
Hillary, Galetta, HillaryGaletta@happyschool.org